earthquakes,huge stresses,stakeholders
tailor,cookies,timestamp
candidates,surveillance,surveillance towers
miriam zarriga,minister,port moresby
disasters,natural disasters,crashes
vienna,march 1st,los angeles
earthquakes,principles,flooding hazards
marta cimatti,disease,van wesenbeeck
new charges,whangārei man,granddaughter
heavy rains,stretch,extreme weather
students
step,old landslides,landslides
catastrophic events,catastrophic floods,tsunami
situation,rebuilding projects,slowdown
premium content,disaster,emergency management
temperatures,57 mph,severe weather
new orleans,crawfish harvesters,hurricane ida
drought,breast,breast cancer
disruptions,unpredictable disruptions,shocks
sunday morning,torrential rains,floodwaters
flashfloods,strong winds,floodwaters
emergency,emergency mock,wildfire
humanitarian aid,queen rania,jordan
eclipse,large crowds,organized chaos
declaration,industry,disaster
central israel,floods,potential floods
migrant boat,catastrophe,palpable panic
security reasons,emergency,icelandic police
bhp,saturday,disasters
natural disasters,disasters,weather forecasting
conflicts,concerns,children
safety,women,families
landslip damage,record rainfall,fiona phillips
east java,earthquake,bawean island
yogyakarta,aspects,catastrophic mudslides
leave,days,calamity
wildfires,maui county,annette lynch
devastation,historic wildfires,wildfires
maritime traffic,disaster,previous attacks
malformed data,online attacks,women employees
nigerians,natural disasters,disasters
west virginia,weeks,disaster
pillar,malformed data,online attacks
wastewater,emergency responders,ron wyden
hamlet,county officials,eclipse
disaster response,disaster preparedness,aspects
heavier rainfall,mariam zachariah,freezing rain
morning,1050000 acres,oklahoma
mile,vehicles,stretch
fukushima prefecture,tsunami,quake evacuees
films,relief,oscar events
circumstances,julia métraux,russ choma
marco lopez,county sheriffs,disaster preparedness
set times,flight times,disaster
havoc,february
forecast,kevin cooper,12 feet
scientists,researchers,climate extremes
disaster areas,emergency,disaster
state
rhode island,disaster,severe weather
catastrophe,anak krakatoa,massive tsunamis
response,disaster
northern california,mph,blizzard warnings
malformed data,online attacks,earthquakes
tropical cyclones,catastrophe,bigger floods
stakeholders,hurricane,cyberattack
wildfires,multiple swarms,swathes
emergency situations,kerala governement,supreme court
bleeding,disasters,emergency responders
states,fires,forest
disaster,disasters,snowy winters
snowpack,talks,mountain
caribe wave,exercise,tsunami
tropical cyclones,tsunami,jokowi inaugurates
coastal flood,river flood,tsunami
chrome browser,ceasefire,ceasefire vote
wildfires,geomorphologist,remembrance
diseases,berkshire hathaway,extreme heat
stakeholders,shocks,virus
natural disasters,disasters,extreme weather
party,decision,uyai ukpe
imperative,kashmir,disaster
starvation,disaster,josep borrell
mike bush,gung ho,hinewai ormsby
tsukui yamayurien,tsunami,itakura kimie
winter rainfall,enogastronomica,severe drought
catastrophic flooding,catastrophe,gated community
concerns,patience,homebuyers
rupees,protective walls,heavy rainfall
tioga county,disaster,underserved people
natural disasters,disasters,federal minister
fred hooper,local women,flooding
european airports,déjà vu,reykjavik
hushed tones,kenneth choi,wringing
blizzard warnings,heavy snow,heavy snowfall
drama,tragedies,movies
extreme weather,kaitlyn trudeau,hurricane harvey
academia,riverine floods,devastating floods
wildfires,superbugs,hurricanes
jordan montgomery,hurricanes,massive tsunamis
politician,philanthropist,mogul
acres,earthquake,tsunami
emergency calls,disaster preparedness,japanese swords
algorithmic bias,natural disasters,disasters
adam ybarra,blizzard,gillian salgado
women,gender equality,gender
cleansing,disaster,gentle parenting
change,climate change,disproportionate impacts
march,tornado,travis schenck
solution,kron
storm,tornado,mph
february,travis hoium,monster returns
sacramento,california authorities,high winds
epicenter,minister joseph,tsunami
donors,people,hrp
conjunction,lake mitchell,quaid road
wildfire,high winds,evacuation orders
feet,areas,snowfall
students,demands
mod_security,error,mike thompson
cookies,robot,deep snow
disasters,stakeholders,aspects
natural disasters,disasters,record heatwaves
caribbean governments,catastrophe,hurricane ivan
family,generation,mother
snow,feet,mountains
losses,change,climate change
tropical cyclones,hong kong,severe thunderstorms
freezing,temperatures,ron wyden
natural disasters,disasters,high school
prashanth tapse,disaster recovery,certified experts
weeks,12pm,easter
natural disasters,disasters,stakeholders
incident,australia,news
concerns,council,vote
snow storm,extreme weather,massive blizzard
members,delegation,disaster
food,schools,phenomenon
cyberattack,cyberattacks,ransomware
severe weather,floodwaters,pottawattamie county
rescue,minutes,van beynen
wildfires,beef,avian flu
girls,beauty stores,epidemic
driest,meteorologist,limited snowfall
resilient animals,nematode worm,extreme conditions
declaration,louisiana,disaster
cyber attacks,sonam wangchuk,eam jaishankar
diseases,disease,rajendra prasad
heavy snow,heavy snowfall,extreme snowfall
volunteers,thursday,crisis
hurricanes,hurricane risk,hurricane insurance
disaster calfresh,monserrat lopez,january storm
crisis,disaster,disaster management
major hurricanes,hurricanes,hurricane katrina
recovery,disaster,loy yang
cyclone gabrielle,disaster,emergency preparedness
travel,ancient gods,gods
ishikawa prefecture,evacuation centers,tsunami
natural disasters,disasters,disease
kurdistan region,rainwater,flooding
sound,mozambique,azerbaijan
ordinary thunderstorms,severe weather,severe thunderstorms
extreme weather,severe weather,freezing temperatures
upheaval,js,political upheaval
ophthalmologists,disaster declarations,eclipse weekend
pounds,jesus christ,hurricanes
northern australia,severe flooding,unprecedented levels
fukushima,evacuation orders,tsunami
magnitude,tragic consequences,earthquake
disasters,fukushima prefecture,tsunami
march,emergency,exercise
contingency,disaster,wildfire
extreme weather,kaitlyn trudeau,devastating wildfires
emergency,temperatures,extreme cold
hurricane ian,hurricanes,orlando
director,natural gas,energy
cholera outbreaks,disease outbreaks,monsoon rains
complicated geography,cycle,climate change
freeze,evacuation,grandparents
bad weather,wrenches,civilian evacuees
hurricane ian,catastrophe,bigger floods
cherry blossoms,kanagawa prefecture,katsuya sakai
store,papanui
feet,forecast,snow forecast
combat hurricanes,catastrophe type,hurricanes
winter,friday evening,saturday
life,monday,march
cold weather,heavy rains,extreme weather
hurricane,curriculum requirements,floodplains
11 counties,swath,emergency
services,preferences,eli flesch
weather disasters,presidential declarations,gubernatorial declarations
florida,friday,increase
recovery,disaster,disasters
yotam mkandawire,president hichilema,julie kozak
water,eweb,emergency
disaster,neighboring counties,mailchimp
winnipeg,brittany greenslade,wab kinew
southern zimbabwe,heavy rain,flooding persists
cherry,summer,disaster
rs,cost,crores
peter mcclelland,temperatures,dog food
diseases,israeli warplanes,disease
stretch,100 mph,blowing snow
disasters,prasad calyam,kannappan palaniappan
disasters,south korea,hurricanes
galveston hurricane,hurricane ike,hurricane flooding
afternoon,recovery manager,whānau
heavy rain,vladimir putin,dysplasia
disasters,female fighters,uae doctors
disasters,temperatures,josephine county
ceasefire,diseases,catastrophe
flood recovery,major flooding,floodwaters
ef3 tornado,tornadoes,dangerous tornadoes
seven bodies,rescuers,bodies
catastrophic hunger,benjamin netanyahu,janez lenarčič
response,volunteers,hurricane
js,friday,devastation
website,time,country
hurricanes,immigration court,guantanamo bay
disaster,einstein students,ruth gottesman
minutes,claudinne ogaldes,dissemination
natural disasters,disasters,wildfires
war,women,children
weather,emergency,catastrophic weather
dialog window,video player,escape
flooding,thunderstorm,severe storms
niudamu,stakeholders,afternoon
earthquake,catastrophes,natural catastrophes
good rain,severe drought,moderate showers
sirens,hurricane,diameter
heavy pregnancy,thunderous rain,khyber pakhtunkhwa
failure,counties,february
extreme exhaustion,chancellor scholz,catastrophe
disease,menachem begin,welterweight champion
swathes,ceasefire,humza yousaf
mountainside,precious samples,disaster
aspects,flood forecasting,unprecedented precision
stakeholders,wastewater masterplan,wastewater
thieves,jordan montgomery,severe weather
disaster,high tides,king tide
accommodation,flood waters,unprecedented flooding
fishing boats,heavy rains,president chakwera
extreme weather,extreme heat,tsunami
catastrophe,strongest earthquake,tsunami
disaster,houthi attacks,rebels
disaster,disasters,waroonthep watcharaporn
solemn commemoration,flowers,tsunami
high winds,widespread wildfires,nearby wildfires
prejudice,herzegovina,janez lenarčič
tropical rainfall,winter temperatures,severe weather
jordan montgomery,encoding,terahertz
disaster,landslides,disasters
rampant deforestation,catastrophe,disease
disaster,rescue,natural disaster
extreme exhaustion,chancellor scholz,catastrophe
headlines,disaster,disasters
floods,natural disasters,disasters
march,losses,disaster
rex bohn,landslide,northern california
change,giant,climate change
floods,moshim khan,floodwaters
disaster,eclipse,travis county
winter weather,disease,freezing rain
fires,multiple fires,emergency
187 countries,disaster preparedness,lahja nashuuta
summit,mountain,weather
cadre,disaster,disasters
march,kaztag,emergency
planting trees,retirement date,enthusiast
chair lady,flood emergencies,vіѕіtеd
accordance,reduction,disaster
homes,disasters
disasters,circumstances,tsunami
frequent eruptions,hawaii,eruptions
landslides,disasters,minutes
registered trademarks,disaster,mistakes
bounce,hurricane irma,hurricane harvey
fukushima,susumu tsukui,tsunami
wonder,severe drought,heavy rainfall
disasters,tiktok,reclaim control
sales,time,floods
counties,trees,1500 trees
kevin cooper,blizzard,winter weather
neighboring countries,egypt,emergency levels
estimations,natural disasters,disasters
stakeholders,wastewater masterplan,wastewater
brook morgan,booths,reuters
natural disasters,disasters,hurricane
floor,disaster,macquarie island
forecasts,predictions,scientists
barrel,reserve,disaster
jesus christ,hurricanes,operation heal
disaster,disaster recovery,severe flooding
showers,scattered showers,thunderstorms
monty dozier,tornadoes,catastrophic wildfires
wildfires,bounce,hurricane laura
calaguas island,barangays,disaster preparedness
hurricane florence,evacuation orders,hurricane harvey
maximilian alvarez,whistleblowers,catastrophe
heavy rainfall,heavy rain,fallen trees
jurassic park,mick joestmarch,grade school
disasters,wildfires,beef
phoenix officials,mph,temperatures
federal agencies,large corporations,search
snowstorm,blizzard,mph
preparedness,recovery,emergency management
firefighting efforts,firefighters,wildfires
emergency,eclipse,emergency responders
cookies,robot,temperatures
ceasefire,vladimir putin,hosting evacuees
march 1st,los angeles,send2press newswire
northeastern japan,miyagi prefecture,tsunami
hydrometeorologist,115 mph,blizzard conditions
heavy snow,fierce winds,blizzard conditions
disaster,natural disaster,cold weather
article,science,frontiers
mike wallmarch,grade school,daisy dobrijevicmarch
feared persecution,displaced children,affected children
wildfire,sunday afternoon,afternoon
deadly fires,february,extreme heat
schwarzenegger,michael keaton,arnold schwarzenegger
page,washington,catastrophe
مہنگی,اہم اجلاس,میں گھر
gaffer,winter storms,hurricanes
disaster,disasters,canberra
severe weather,72 tornadoes,206 tornadoes
catastrophe,acute malnutrition,janez lenarčič
storm,shelters,storm shelters
disasters,refugees,swedes
disasters,rupees,bhubaneswar
weather,midnight,heavy snow
parliament,disaster,disasters
mark strong,jimmy kimmel,bachelorette
disasters,emergency controllers,circumstances
disaster preparedness,hawaiʻi,sustained winds
homes,thousands,disaster
puerto montt,record temperatures,eucalyptus
wildfire,daughters,alazzai mccain
disasters,wildfires,wildfire damages
starvation,famine,starvation deaths
winter rainfall,giampaolo pioli,dario cartabellotta
flooding,flash flooding,heavy rain
hatred,behaviour,racial hatred
thunderstorm damage,hurricanes,severe thunderstorms
nec xon,johannesburg,eutelsat oneweb
disasters,disaster response,sound
employee morale,disaster strikes,breach
gazan workers,ibrahim shikaki,certain disaster
day,conference,morning
montpelier businesses,hard workers,torrential rains
torrential rains,evacuation orders,japanese authorities
vigilant guard,aftershocks,maine personnel
haukapuanui,tsunami zones,tsunami
krystian murray,temperatures,wildfire weighs
eclipse,disaster declaration,travis county
rights,home,blaze
ocean shores,ensuing tsunami,tsunami
increased traffic,traffic,disaster
diseases,unprecedented levels,acute malnutrition
province,children,heavy snow
hundreds,weather,firefighters
disaster,stakeholders,disasters
floor,disaster,macquarie island
disease,wedding bashthose,ferocious winds
residents,emergencies,simplified language
disaster management,agrometeorological station,tsunami
beach volleyball,beach,sniffer dogs
minutes,evacuation,google translate
aries,equinox,astrology
disasters,wildfires,disaster survivors
devastating impacts,shocks,particularly floods
victims,disaster,disaster victims
extreme cold,hurricanes,extreme weather
disaster,disasters,interruptions
extreme temperatures,severe weather,evacuation shelters
15 march,march,error
iom,addis ababa,migration
flood defences,floodplains,disaster preparedness
arthritis,disaster,tsunami
countries,change,climate change
catastrophe,hurricane laura,hurricane scale
copernicus,temperatures,emperor
tsunami risks,tsunami,tsunami preparedness
robot,climate disasters,disasters
drought management,stakeholders,severe drought
wildfires,forest fires,brett mckay
disaster,natural disasters,disasters
degree,caution,madagascar
arrivals,bulk,accelerator
deniliquin,natural disasters,disasters
weather forecasters,extreme weather,blizzard conditions
hard fighting,vladimir putin,north korea
disasters,bundilla beach,beach
robot,catastrophe bonds,catastrophe
maine,new hampshire,storm shutters
rescue,disasters,historic disasters
hurricanes,stamp,extreme heat
safety,america,precautions
robot,catastrophes,natural catastrophes
disaster,disaster recovery,michael tobin
disasters,thompson,hurricane hilary
catastrophic event,catastrophe damage,catastrophe
criminalising protest,breathtaking hypocrisy,russian protesters
malformed data,online attacks,floodwaters
disasters,sichuan province,drought disasters
waterbodies,disasters,diseases
vladimir putin,dysplasia,james jordan
woman,change,disaster
texas,acres,cache
disasters,imminent floods,river floods
outraged parents,oompa loompa,willywonka
vanuatu,plužine,tsunami
vakaloa beach,disaster preparedness,tsunami
natural disaster,rescue,emergency situations
wind gusts,temperatures,strong winds
councillors,circumstances,disaster preparedness
toowoomba qld,eligible child,services australia
file,special coverage,tornadoes
art,officials,emergency
ukrainian counterattacks,stephen koukoulas,catastrophic bushfires
disasters,emergency situations,kumalu river
dry weather,warmer winters,extreme heat
phenomenon,weeks,eclipse
afternoon,varying degrees,baking soda
california,forecast,fox weather
thibault barbou,minutes,olaf scholz
heavy downpours,extreme weather,reutersdmitry medvedev
acute emergency,emergency physicians,pulmonary barotrauma
regulated companies,flooding,wildfires
tornadoes,hurricanes,tornado sirens
downed trees,berkeley residents,berkeley
member,today,washington
attempts,parliamentary approval,central japan
advisory
atmospheric administration,diseases,warming waters
disaster,barry robson,jim goodwin
disasters,womens health,oncology surgery
lake toba,torrential rains,heavy downpours
cholera,unprecedented levels,acute malnutrition
floods,raka adjieditor,muhammad zulfikar
damaged homes,disaster assistance,disaster
tornadoes,pleasant temperatures,breakfasts
texas,thousands,eclipse
curtain,disaster,court cases
disaster planning,mike callahan,oconee county
farm,advisor,deadline
medicine,disaster,cease
major landslides,shocks,krishana prasain
root causes,refugees,palestinian refugees
hurricanes ike,hurricane strength,hurricane harvey
damage,extensive wildfires,wildfires
extreme,webinar,preparedness
construction,stir,tesla fans
disaster,japanese,emergency food
excessive rain,mike doke,plummeting prices
savage storm,jahi chikwendiu,mississippi tornado
natural disasters,disasters,disaster recovery
hurricanes frances,pounding rains,tsunami
floods,disasters,federal minister
mike tyson,stretch,zach hyman
dozen,personnel,march
parts,rights,weather
breach,floodwaters,pajaro evacuees
california,vehicles,blizzard
warm temperatures,strong winds,meteorologist
wildfires,catastrophe exposure,catastrophe
beverley callard,twenties,robbie gee
recovery,flooding,disaster
thiruvananthapuram,rajeev krishnan,stray dogs
cyber attacks,sonam wangchuk,eam jaishankar
eclipse,travis county,disaster declaration
severe storms,tornadoes,mike dewine
volcanic eruptions,blues skies,hurricanes
disaster,disaster readiness,emergency responders
blizzard,meteorologists,heavy snow
bamberg county,tornadoes,severe weather
पर,disaster preparedness,hurricanes
indian kids,cleansing,gentle parenting
county commissioners,aspects,jessica orozco
fresh downpours,emergency disasters,hurricanes
losses,error,catastrophe
switzerland,refugee returns,unprecedented levels
sons,northeastern japan,tsunami
chamber,disaster relief,disaster
emergencies,recovery,aspects
winter,ski days,powerful winds
tornadoes,severe weather,confirmed tornadoes
room,cache,weeks
late january,disaster,extreme weather
disaster,eclipse,disasters
damage,bnpb,translator
gabarus,escape,routes
commissioners,relief,disaster
disaster damages,resolve,tornadoes
sunday,provinces,panjsher information
92 tornadoes,severe thunderstorms,confirmed tornadoes
wildfires,radio dispatchers,deceased victims
disaster,disaster strikes,zach ducheneaux
afternoon,historic snowfall,heavy snow
devastating twin,disasters,vanuatu
flowers,hurricanes,extreme weather
karzai,azerbaijan,khyber pakhtunkhwa
locations,spring valley
sun capital,orangewood,firms
countries,change,climate change
hurricanes,catastrophe,catastrophic hurricanes
kevin fowler,aaron watson
measure,final action,meeting
high rainfall,higher rainfall,western australia
hurricanes,severe droughts,unprecedented flooding
flooding,landslides,heavy rain
growers,cherry,disaster
refugee camps,elite panic,fraudulent paperwork
hospitals,inauguration,february
flood mitigation,disasters,yukon government
minutes,el nuevo,john carpenter
oncoming earthquakes,foreshocks,dog barking
stench,chamberlain,recaptcha enterprise
winter,mountain,damaging winds
maximum temperatures,extreme heat,western australia
sinking,thousands,fertiliser
place,1966 disaster,disaster
wind gusts,heavy snow,fierce winds
disaster,earthquakes,disasters
tropical cyclones,hurricane matthew,sustained winds
torrential rain,berkeley,extreme heat
rights,winter,cold air
kyrgyzstan,outbursts,disasters
natural disasters,disasters,acute
tornadoes,disease,hurricanes
disasters,circumstances,disaster preparedness
tropical storms,disease,el niños
natural disasters,disasters,disaster survivors
metaverse,event,couple
richard ybanez,mariam zachariah,heavier rainfall
wildfires,hawaiʻi,devastating floods
dry weather,diseases,catastrophe
natural disasters,disasters,wildfires
natural disasters,disasters,hinewai ormsby
strong winds,warm temperatures,severe thunderstorms
planet,films,genre films
thai mueang,sitthiphol muangsong,tsunami
driest,dario cartabellotta,severe weather
mike levin,hurricane hilary,jimmy gomez
wajima,thunderous cracks,ishikawa prefecture
cleansing,disaster,gentle parenting
ceasefire,beach,jokowi inaugurates
building,practices,insurable
firefighters,wildfire,conditions firefighters
hurricane,named storms,catastrophe
torrential rain,catastrophe,hurricane dorian
movies,hulk,disaster
downpour,daughters,wabe
emergency situations,disasters,wild weather
catastrophe,tsunami,takashi funakoshi
disasters,wes moore,hurricanes
children,saturday,temperatures
digitization,sword,automation
recorded temperatures,severe frostbite,millinocket snowmobilers
endorsements,leadership,reelection
boulder today,emergency responders,severe weather
mph,tornadoes,severe weather
refugees,crucifix,tsunami
ansu dulluy,disasters,previous administrations
minister,march,minutes
flood damages,heavy rain,extreme rain
js,recovery,disaster
companies,drones,disaster
south australia,western australia,younger children
hurricanes,catastrophe,complete insolvency
emergency,disaster,precision
disaster,wildfires,disaster declarations
donation,communities,charles butt
13 years,earthquake,disaster
surveillance,wewak,minister joseph
natural disasters,emerging threats,disasters
robin champ,disaster response,disaster preparedness
stretch,sunday morning,andy bollenbacher
thunderstorms,heavy rain,severe weather
floodplain,disaster,erosion
traumatic event,joshua oculam,judged
disaster,wontumi,frank aidoo
meteorologist,tornadoes,severe weather
yogyakarta,bansang pilipinas,tsunami
stretch,ocean currents,summer heatwaves
winter,nevada,weather alerts
308 children,prachanda karki,malnourished children
march,families,barangay alabang
february,clay higgins,disaster
karnataka,floods,disasters
natural disasters,disasters,wildfires
kerenga kua,chimbu province,teacher
security flaws,ai attacks,academia
interview,weather,cnn sans
buyers,north carolina,flood
wildfires,devastating events,hurricanes
services,review,marae
plužine,vanuatu,tsunami
disasters,surveyed women,diseases
baton rouge,online attacks,louisiana businesses
assistance,natural disasters,disasters
earthquakes,disasters,wildfires
big hurricanes,michael jordan,hurricanes
time,general manager,march
hurricane,disaster preparedness,hurricane janelle
recipients,late january,flooding
medical software,successful bidders,stamp
natural disasters,disasters,wildfires
flooding damages,beach,tidal inundation
candidates,record rainfall,baltimore schools
malawi,degrees,varying degrees
natural disasters,disasters,abuja
relief,europe,planes
disaster,mzansi campaigns,bloemfontein
typhoon hagibis,vishakapatnam,tsunami
thunderstorms,atmospheric administration,tornadoes
muharrindo idwan,heavy rain,heavy downpours
veronika kratz,beachgrass,denis villeneuve
machete,referendum,wujal wujal
disaster,darwin nunez,andy robertson
emergency declarations,wastewater,eclipse watchers
cholera,emergency responders,hurricanes
stretch,crashes,heavy snow
catastrophe,hurricanes,tropical cyclones
crisis,baltimore,accident
wurst,degrees,disaster response
thunderstorms,mozambique,severe thunderstorms
morning,temperatures,extreme cold
natural disasters,disasters,affected businesses
wet,chimbu province,ongoing rainfall
barack obama,refugees,witches
refugees,western australia,extreme heat
infrastructure,necessary infrastructure,disaster
disaster preparations,undisturbed sleep,severe weather
disasters,hurricane,hurricanes
vladimir putin,dysplasia,drain clearance
movies,disaster,older films
vehicles,mile,stretch
disasters,guardpatriot 24response,hurricane
nbtc,ais,emergency
november,minas gerais,brazil
extreme conditions,crashes,extreme weather
tara ahmadinejad,davis mccallum,sideeq heard
george watson,flood waters,extreme weather
cholera,switzerland,torrential rains
rescue,evacuation,khan friday
earthquake,quake,earthquakes
afternoon,wildfires,temperatures
bless children,disasters,disease
affected businesses,severe flooding,disaster declarations
march,los angeles,send2press newswire
congestion,metro manila,traffic
flood events,priestley street,disasters
fishing boats,miyagi prefecture,tsunami
east java,tegar nurfitraeditor,earthquakes
issue,minister,error
farmers,ranchers,texas farmers
severe cyclones,extreme temperatures,tsunami
tornado,flooding,hurricane
disasters,sudden floods,heavy snowfall
disease outbreaks,tsunami,tsunami waves
weather warnings,tornadoes,severe weather
cholera,epidemic,unprecedented levels
emergency,disaster,burned rubble
extreme conditions,extreme cold,extreme heat
recovery,tornadoes,severe weather
nueva vizcaya,wonder,acceleration
floor,disaster,macquarie island
fukushima disaster,tsunami,beans fukushima
disasters,epicenter,acceleration
supply,departments,government departments
leading officers,bundilla beach,beach
planting trees,natural disasters,disasters
fukushima prefecture,tsunami alert,tsunami
tornadoes,mahatma gandhi,tsunami
disease,extreme weather,floodwaters
hurricanes,accelerates,severe weather
lucozade bottles,stretch,pulama kaufman
natural catastrophes,mega disasters,catastrophe
disasters,hurricane eta,extreme rainfall
catastrophe losses,hurricane andrew,severe thunderstorms
texas,panhandle,blaze
extreme heat,whingeing,unborn babies
action,security council
richard ybañez,switzerland,preemptive evacuations
mike bush,disasters,scratch
guerrero,rancho nuevo,michoacán
homes,disasters
record highs,heavy hearts,ceasefire
gaza,isa soares,european leaders
wildfire,natural disasters,disasters
rebels,temperatures,asphyxiation
personnel,blocker,js
swarm,evacuation,google translate
disaster preparedness,catastrophic weather,guzman
half,robot,extreme weather
prairie fires,devastating wildfires,hurricane devastation
native americans,coast,spanish soldiers
natural disasters,disasters,medical professionals
hurricane,divya sangameshwar,hurricanes
judge,oita prefecture,ehime prefecture
necessary travel,standing water,extreme caution
blinding snow,tsunami,tsunami victims
previous eclipses,eclipse day,crashes
response time,emergency preparedness,disasters
hong kong,jairam ramesh,kerala floods
thieves,sanibel island,emergency responders
spread,record,weather
hurricane damage,hurricanes,hurricane insurance
natural disasters,disasters,breaches
disasters,prep school,denise schwartz
disease,catastrophe,catastrophic floods
council officers,circumstances,councillor
flooding,juneau,eyebrows
strong winds,dog food,emergency shelters
inflation,natural disasters,disasters
hugo lloris,ange postecoglou,circumstances
emergency services,natural disasters,disasters
ethiopia measles,disease,dengue fever
middle tennessee,kentucky arkansas,hurricane disasters
arrivals,sýlingarfell,icelandic authorities
disaster assistance,disaster,montcalm county
judge,eclipse,disaster
hurricane,tsunami,wreaking havoc
fukushima prefecture,tsunami,fukushima meltdown
devastating forces,circumstances,wonderful givers
wildfires,tornadoes,hurricanes
engineers,columbia,patience
temperatures,accelerated impacts,himalayan glaciers
temperatures,everyday arizonans,maricopa county
widespread blackouts,water,icy roads
hurricanes,hurricane dorian,russ choma
bank,negara malaysia,flood
911 dispatchers,living snoqualmie,comfort dogs
sumitomo,japanese companies,extreme weather
disasters,disaster recovery,hurricanes
catastrophe,extreme weather,disease outbreaks
disaster,macquarie island,plužine
disasters,kristen bernard,flowers
investment,december,jpmorgan chase
sikkim disaster,arunachal pradesh,uttarakhand
flooding,disaster,evacuation
disasters,swiss,major floods
asymmetrical horror,emeralds,bleach
spring showers,thunderstorms,severe weather
state,foreign affairs,david lammy
costs,years,dream
driving,sacramento,heavy snow
migrating birds,floodwaters,swamp
disasters,erosion,wildfires
hurricanes,severe droughts,unprecedented flooding
councillor,wewak,diseases
flames,northern texas,evacuation
calm,disaster,phillip polewara
extreme cold,average snowfall,abundant snowfall
natural disasters,disasters,meteorologists
country,natural disasters,disasters
cnn sans,blizzard,powerful winds
severe drought,hakainde hichilema,record heat
cooking,bong county,disaster
today,resilient communities,researchers
assessments,fema,counties
evacuation,wildfires,evacuation orders
powerful winds,meteorologist,laef pendergraft
zimbabwe,driest,hotter weather
hurricane,hurricane alerts,hurricanes
rights,march,weather
wildfires,temperatures,freezing temperatures
yuka mitsuhata,emergency kits,evacuation centers
fraud,crockett county,disaster
wildfires,paparazzi,maui wildfires
asthma attacks,disease,weather forecasters
chemical disasters,hurricanes,unprecedented flooding
major snowstorms,flooding rain,severe weather
water,desalination plants,drinking water
climate change,natural disasters,disasters
weather,preparedness,disaster
thunderstorms,vanuatu,gusty winds
mealie meal,african countries,hadebe
floods,disasters,disaster recovery
major hurricanes,catastrophe,hurricanes
natural disasters,disasters,wildfires
earthquake,quake,seismic tremors
wildfires,disaster recovery,disaster declarations
decades,collision,disaster
strategy,result,player
city,amarillo,acres
multiple swarms,disasters,forest fires
disaster,josep borrell,mailchimp
severe storms,tornadoes,severe weather
tornadoes,hurricane ian,hurricanes
fairgrounds,prepping,boulder county
natural disasters,disasters,wildfires
disaster,wewak,sunday morning
saleem shahid,natural calamities,massive floods
paraguay,emerging countries,catastrophe
emergency,iván arias,disasters
caution,weather,enthusiasts
cyber attacks,sonam wangchuk,orders vegetarian
number,oregon,bridges
bulk,accelerator,worry
dead bodies,heavy rains,flood waters
server,mod_security,error
cloudbursts,accelerated impacts,himalayan glaciers
hyperparathyroidism,coming rush,mesothelioma
strong winds,wind speeds,symptom
jsx ceo,airplanes,boeing
disasters,severe storms,surrounding counties
switzerland,hurricanes,tropical cyclones
hurricanes,hurricane insurance,severe weather
disaster designation,extreme weather,extreme heat
emergency facilities,strong winds,jakarta
disasters,emergency generators,freezing weather
foods,neighbors,nutritionist
thunderstorms,strong winds,heavy rains
neighborhood,flooding,disaster
hurricane,hurricane alerts,hurricanes
disaster,disasters,disaster preparedness
hurricane coverage,extreme weather,veronika jelenik
impending famine,catastrophe,unprecedented hunger
month,utility,dewayne barrett
elon musk,disaster,arson attacks
kim,disasters,dayoon kim
live conditions,heavy snows,placer county
prime minister,disasters,heavy rain
disclosures,early adopters,catastrophe research
js,southern minnesota,afternoon
training,coop,exercise
cleansing,disaster,gentle parenting
tent,planes,calgary march
refugee returns,unprecedented levels,janez lenarčič
surge,disturbance,water
beach,benjamin netanyahu,jokowi inaugurates
tornadoes,wisconsin,recent tornadoes
tsunami,previous tsunamis,tsunami waves
heavy rains,zimbabwe,president chakwera
elizabeth hurley,louise redknapp,wunmi mosaku
erosion,aspects,tropical cyclones
dysplasia,superstorm sandy,hurricane katrina
natural disasters,disasters,disease
bankruptcy,hurricane andrew,hurricane wilma
low humidity,firefighting efforts,wildfire
circumstances,disaster preparedness,hurricanes
afternoon,temperatures,extreme cold
receiving,bangladesh,disaster
eclipse,travis county,disaster declaration
oklahoma,degrees,afternoon
areas,snowfall totals,mph
students,march,ttuhsc students
hurricanes,hurricane andrew,hurricane katrina
natural disaster,diablo canyon,worry
freezing rain,heavy snowfall,easter eggs
remembrance,masao shimoyama,tsunami
disasters,ishikawa prefecture,tsunami
relief workers,page,strikes
bipartisan legislation,disaster,disaster survivors
gauntlet,extreme weather,khyber pakhtunkhwa
miles,debris,explosion
tahoe blizzard,blizzard conditions,extreme snow
rebuilding essentials,past disasters,disasters
people,risk,hazards
witts creek,disaster,downpour
excessive rain,helpcherry growers,mike doke
training,recovery,disaster
weeks,natural disasters,disasters
aboriginal,treaty,minister
error,disasters,chemical disasters
android notifications,flooding events,riverine floods
approval,official approval,decision
heavy rainfall,heavy rain,fallen trees
weather,couple,firefighters
disaster,firms,severe storms
robot,catastrophe bonds,catastrophe
challenges,oceans,tornadoes
wednesday,minister,muhadjir effendy
percent,oil spill,disasters
tropical cyclones,bigger floods,severe weather
emergency crews,extreme caution,grand targhee
molokaʻi,devastating wildfires,sustʻāinable molokaʻi
wildfires,gates,steve kouplen
9am,challenges,eggs
blocker,numbers,js
emergency,natural disasters,disasters
disaster preparedness,aspects,sandeep chachra
erosion,heat waves,wreaking
malaybalay city,pangantucan,sapang dalaga
disasters,45th place,46th place
flooding,pregnancy,disaster
review,requested review,josep borrell
disasters,vero raharimanganindriana,julot randriamamalina
lily yohannes,matt harmon,jordan montgomery
weather,delaware county,severe weather
degree,risks,caution
tropical cyclone,threeways,expected downpours
natural disasters,disasters,breaches
tricia wachtendorf,hurricane sandy,hurricane katrina
dallas county,cache,newspaper
utter devastation,wonder,wildfires
federal prosecutors,disaster planners,jordan montgomery
south korea,fukushima disaster,tsunami
storm waves,future tsunamis,tsunami
calgary,canada,abdullah alakkad
minutes,hugo lloris,circumstances
muharrindo idwan,heavy rain,heavy downpours
hurricane,tsunami,wreaking havoc
maine,disaster,faster reimbursement
disasters,unprecedented capabilities,forest fires
mou,disaster monitoring,disaster
headlines,disaster,disasters
disaster,firms,south korea
halloween night,epicenter,overcrowded roads
backcountry,winter,avalanche
vital,teams,california
natural disasters,disasters,medical professionals
disaster preparedness,iliesa naivaluwaqa,waisake rabuatoka
reduced rainfall,ssese island,warmer temperatures
cookies,tuesday,disaster
disaster,affected survivors,storm survivors
malawi,drought,disaster
disaster,natural disasters,disasters
stake,devastating flooding,floodwaters
farmers,js,summer
disaster,disasters,disaster recovery
disaster,natural disasters,disasters
vulnerabilities,thousands,earthquake
oneweb technology,disaster,natural disaster
especially hurricanes,hurricane,hurricanes
natural disasters,disasters,disaster strikes
cattle,cattle producers,wildfires
mr bancroft,bournemouth university,adam bancroft
health,officials
dissemination,disaster preparedness,gis officers
disasters,herzegovina,janez lenarčič
developments,updates,wildfires
climate change,flooding,wildfires
families,40000 families,children
country,drought,disaster
apocalypse,doomsday,apocalypse movies
zero temperatures,heavy snowfall,extreme snowfall
disaster,nebraska cattlemen,wildfires
disaster management,disaster alerts,varunthep watcharaphon
new orleans,michael hecht,hurricanes
trademark,prominence,cookies
temperatures,breath,overwhelm residents
subway,flooding,disasters
water levels,winter storm,extreme weather
preparedness,emergency,emergency preparedness
atrophy,leonardo dicaprio,garcelle beauvais
jordan montgomery,hawaiʻi,devastating floods
tornadoes,wisconsin,recent tornadoes
disasters,battalions,forest fires
disaster,disasters,federal minister
frauds,catastrophes,hurricane
natural disasters,disasters,heavy rains
disaster conditions,disaster victims,stuart school
lsu,meteorologists,hurricane
near floodplains,heavy rains,extreme weather
aerial video,texas,wildfire
acres,weather,oklahoma
mental health,bushfires,disasters
wichita,storm,disasters
critical time,catastrophe,goswami
hurricane events,severe weather,arkansas tornadoes
wind speeds,howling winds,hurricane force
response,disaster,wildfire
march,js,windswept snow
asaichi street,afternoon,ishikawa prefecture
santiago álvarez,émeric bergeaud,disease
disaster,emergency mangers,disaster strikes
storm debris,disaster,emergency personnel
friday,nabil ihsaneditor,jokowi
pounds,matt harmon,daisy kent
safety,risks,caution
france,disaster,eighteen people
jokowi,hydrometeorological disasters,jokowi inaugurates
disasters,wildfires,tornadoes
baruch college,heat waves,hurricanes
tropical storms,disease,el niños
recovery,flooding,disaster
farmers recover,catastrophic wildfires,devastating wildfires
civilian graduates,qualified candidates,hurricanes
preparedness,emergency,emergency preparedness
wapenamanda,flooded rivers,wapenamanda district
hurricane ida,extreme rain,rising waters
challenging times,maui county,wastewater
risks,precautions,japan
accuweather experts,100 mph,sunday morning
volcano,victims,disaster
natural disasters,disasters,frauds
tornadoes,jake gyllenhaal,apocalyptic storms
winter,strong winds,winter storm
yusuke satoh,fernando jaramillo,johan rockström
damages,wake,fires
cold weather,mike switzer,morning temperatures
emergency responders,hurricanes,hurricane sandy
hydrometeorological disasters,extreme droughts,jokowi inaugurates
weather,climate change,extreme weather
disaster,monét flowers,flowers
wildfires,grape growing,monty dozier
natural disasters,disasters,disease
natural disasters,emergency preparedness,disasters
wedding,disasters,giampiero
heavy rainfall,stretch,south australia
spill,residents,east palestine
titles,easter time,hidden eggs
visitors,noon,afternoon
matthew polega,disasters,cyberattacks
david robertson,arrivals,erika uyterhoeven
founders,states,federal oversight
cat things,mistakes,natural disaster
emergency kitchens,comfort food,josé andrés
fukushima prefecture,catastrophe,tsunami
مہنگی,اہم اجلاس,میں گھر
wewak,sunday morning,referendum
tornadoes,stretch,south australia
wildfires,jim pillen,unbelievable devastation
uttarakhand,severe hailstorms,gusty winds
wastewater,catastrophic wildfires,devastating wildfires
victim,nadine haken,rescuer
troubleshooting,disaster,minutes
disaster,circumstances,emergency responders
welsh government,st asaph,councillor
issue,11 march,error
minutes,travis county,emergency vehicles
julie winters,wildfires,disaster preparedness
punxsutawney phil,awakens,spring awakens
riyadh,search,rescue
disaster,mobilizes,lamp
golden age,catastrophe,bankruptcy
145mph gusts,wet weather,severe weather
accommodation,disasters,catastrophic bushfires
beqa island,evacuation,heavy rain
east gippsland,baw baw,vietnamese delegates
declaration,louisiana,disaster
dissatisfaction,hurricanes,extreme weather
contingent counties,excessive rain,high winds
disasters,disaster roaming,canberra
nightmare,disaster,heavy rain
losses,weather,disaster
weather,emergency,tornadoes
natural disasters,disasters,shocks
hurricanes,catastrophe,hurricane andrew
minutes,guayas province,guayaquil airport
county,county agencies,disaster
disaster resilience,natural disasters,disasters
maize meal,disease,el niños
wildfires,disaster recovery,heat waves
natural disasters,disasters,wenatchee
driest,cholera,zimbabwe
gates,disease,catastrophe
natural disasters,disasters,dissemination
zimbabweans,mealie meal,african countries
js,damage,weather
shocks,wildfires,storm daniel
catastrophe,rising heat,extreme heat
lack,snowfall,temperatures
southern iceland,eruption,emergency
disease,warmer weather,unweaned kittens
minutes,natural disasters,disasters
zero heat,extreme heat,hurricane katrina
temperatures,wastewater,extreme rainfall
difference,coal,coal country
03 march,march,error
cyber attacks,circumstances,court proceedings
flood forecasting,riverine floods,oncoming floods
transitional housing,shelter,emergency
zero temperatures,heavy snowfall,extreme snowfall
florida,tuesday,hurricane ian
wildfires,breast cancer,hurricanes
earthquakes,procedural grounds,disasters
tornadoes,winter weather,disease
weather,flooding,flooding concerns
high winds,strong winds,nearby wildfires
disaster,plužine,macquarie island
storm,flooding,san diegans
mcclatchy newspapers,joel kotkin,culmination
disaster awareness,disaster,disasters
disaster,resultant tsunami,tsunami
joint,white camouflage,temperatures
cookies,robot,disaster
disasters,european countries,cyber attack
bankruptcy,bankruptcy proceedings,tomohisa ishikawa
kent county,disaster assistance,disaster
responders
crawfish étouffée,extreme weather,sustained drought
natural disasters,disasters,crashes
disasters,emerging disasters,extreme weather
meteorological forecasts,julian kuehnert,extreme floods
cattle raisers,raisers,wildfires
emergency,disaster,landslides
natural disasters,disasters,chrome browsers
great fun,film,disaster
health,challenges,disaster
miyazaki,swamp,poisoned swamps
california,whiteout conditions,blizzard
article,open ai
ngos,cancellation,candidate
disaster,growing wheat,extreme weather
reluctance,jurisdictions,catastrophe
mountain,ranges,mph
disaster,technical fixes,bhubaneswar
tornadoes,fallen trees,hurricanes
summer,cache,disaster
lakes nyos,worry,stretch
suresh kashyap,anurag thakur,monsoon disaster
expensive hurricanes,hurricanes,hurricane dorian
authorities,months,floods
weather,new research,preparedness
nagpur,weather,rains
disaster,yamaguchi,cherry blossoms
heavy rainfall,thunderstorms,heavy rains
disaster,natural disasters,disasters
afternoon,mountain snow,mph
company,preparedness,disaster
madagascar,landfall,january
cooler temperatures,wildfires,temperatures
blizzard,stretch,blizzard conditions
crises,recovery,disaster
farmers,counties,cherry farmers
mountain,blizzard,mountain snow
arizona,summer,cache
ncdm,cambodia,disaster management
fellows,sixteen fellows,disasteraware
disasters,heavy rainfall,hurricanes
key changes,disaster,disasters
stretch,evacuation shelters,tsunami
recovery,disaster,gibraltar
natural disasters,disasters,wildfires
presence,alaska,motto
kerala cabinet,animal ambulances,erecting fences
heavy snow,winter snow,severe snowstorms
diameter,swimming,tsunami
disaster,natural disasters,disasters
merced county,affected businesses,thumbs
heat waves,disaster preparedness,severe weather
natural disasters,disasters,flood disasters
page,malformed data,online attacks
neighboring zambia,saturday,disaster
browser,cookies,robot
lightning strikes,strikes,bangladesh
wade,medical school,mci preparedness
disease,tropical cyclones,dengue fever
county,thousands,eclipse
droughts,heat,phenomenon
barbuda,samantha simon,tsunami
mccauley road,crashes,flood waters
israel,ambulances,franklin graham
hurricane,hurricane alerts,hurricanes
natural disasters,disasters,winnipeg
flooding,natural disasters,disasters
natural disasters,disasters,mijanur rahman
technology evolves,aspects,iim tiruchirappalli
disasters,outfit,disaster preparedness
natural disasters,disasters,wildfires
malformed data,online attacks,room
coastal floods,warmer temperatures,extreme heat
residents,vegetation,nearby vegetation
downpour,strong winds,severe flooding
disaster,josep borrell,catastrophe
major snowstorms,blizzard conditions,wet snow
aid ships,resulting tsunami,tsunami
hurricane,hurricane damage,hurricanes
disaster,central japan,miyagi prefecture
kumamoto prefecture,evacuation centers,yoshihiro okumura
kevin fowler,severe storms,aaron watson
anniversary,japan,earthquake
chloe brimicombe,hurricane harvey,hurricane katrina
julie winters,wildfires,disaster preparedness
disaster,disaster management,disasters
losses,catastrophes,natural catastrophes
white snow,abdullah alakkad,icy weather
police officers,emergency,emergency responders
proper eyewear,mph,fallen trees
minimises opportunities,ceasefire,rafi schwartz
february 23rd,james beane,mass layoffs
monster movies,wuthering heights,terrible migraines
michael delong,natural disasters,disasters
disasters,tornadoes,multiple tornadoes
suspected attackers,aminchon islomov,flowers
natural disasters,disasters,benitez
mountain peaks,75 mph,blizzard conditions
muharrindo idwan,heavy rains,heavy downpours
weather,weather models,atmospheric administration
disaster resilience,natural disasters,disasters
natural disasters,disasters,disaster preparedness
evolving,exercise participants,disaster
sumatra island,jatiluwih village,heavy rain
article,emergencies,disasters
stations,morning,breakfast
airmen medics,crashes,hurricanes
eclipse,david ibanez,disaster
country,satellites,disaster
extreme heat,severe weather,sweltering heat
guatemala,british nationals,minutes
cleansing,indian kids,gentle parenting
plane crash,tidal waves,tsunami
cookies,robot,catastrophe
julie slattery,hurricane,hurricane season
minister williams,particularly hurricanes,hurricanes
disaster management,response time,disasters
hotter weather,wetekamp,jim wetekamp
disasters,hurricane,veteran families
catastrophe,north korea,mukherjee nagar
villas,catastrophe,jatiluwih kangin
tom milkovic,snowblowers,wind gusts
epidemic,zimbabwe,africa australia
extreme heat,blizzard conditions,severe thunderstorms
evacuation centres,waikubukubu,floodwaters
natural disasters,disasters,wewak
emergency preparedness,disasters,especially floods
texas baptists,hurricanes,hurricane harvey
disaster,macquarie island,plužine
conjunction,weeks,floods
large wildfires,wildfire,wildfires
hurricanes,extreme weather,hurricane preparation
tent schools,hussain jarwar,disaster preparedness
families,women,aspect
toes,festival,extreme cold
recaptcha,hunt challenges,fruits battleground
disasters,damaging storms,wildfires
weather,climate change,giant
wade park,disaster,wilsons river
wespak estate,disaster strikes,downed trees
warm days,temperatures,severe weather
recent years,attention,significant attention
disaster survivors,mercy chefs,tornadoes
saskatchewan,fresh downpours,hurricanes
edgecumbe floods,haukapuanui,tsunami
weather,robot,mild weather
legislation,force,humza yousaf
firefighters,wildfires,historic wildfires
grandmothers,primary caretakers,disaster preparedness
مہنگی,اہم اجلاس,میں گھر
thunderstorms,atmospheric administration,tornadoes
switzerland,academia,murat çiçekdal
nees kathimerines,heavy rainfall,dutch experts
chiba prefecture,emergency food,tetsuyuki muranaka
ml,emergencies,bodies
committees,disaster,kerala
girls,women,disaster
organization,parent,company
natural disasters,disasters,wildfires
date browser,puerto rico,hurricane maria
climate,costa rica,disaster
bonus daughters,tx tornadoes,hurricanes
orlando,beach,tsunami
california,hail,precipitation
disease,available space,preparationduring emergencies
geophysics,earthquake,morning
queen rania,deprivation,disaster
natural disasters,disasters,forest fires
disaster,severe storms,tornadoes
disaster,disasters,epicenter
set times,disaster,flight times
disaster,travis county,disaster declaration
disaster,android notifications,disasters
aminchon islomov,palestinian refugees,flowers
entrepreneurs,filipina entrepreneurs,businesses
disruptions,recognise work,anxiety
disaster management,disaster,hurricane ivan
showers,afternoon,thunderstorms
events,ncei,national centers
malawi,drought,disaster
safety,software,survey
disease control,medical examiners,disease
tsunami,rescue dogs,jessica pzsonka
jessica north,mr yousaf,humza yousaf
recovery,disaster,disaster preparedness
tien phong,tornadoes,sốp cộp
high ground,rewards,disaster
erosion,brazilian institute,beach
disasters,intimate wedding,taapsee pannu
various types,decades,disasters
ethnic violence,crisis,neighbours
aaaaaawwwwwwwwwww,aaaaawwwww meeeeeee,meeeeee aaaaaawwwwwwwwwww
severe storms,circumstances,tornadoes
disaster,disclosures,severe weather
servicemembers,qualified candidates,hurricanes
obesity,wildfire,texas wildfire
triggers,southern iceland,emergency
coaster,plummeting prices,catastrophe
wildfires,mashed chickpeas,tsunami
emergency preparedness,wildfires,hurricanes
record heat,previous decembers,wintry precipitation
country,thursday,disaster reduction
customers,potential,pricing
disasters,craftsman stitching,financial disasters
beaches,jemma mackinnon,simon dornauf
consecutive,natural disasters,disasters
areas,hazardous areas,councils
disease,mogadishu,acute malnutrition
malawi,degrees,varying degrees
weather,error,emergency
thursday morning,firefighters,wildfire
padang pariaman,torrential rains,jim gomez
baltimore harbor,crashes,emergency evacuations
stretch,heavy snow,blizzard conditions
stinnett,acres,blaze
water,rand water,eikenhof
hydrometeorological disasters,jakarta floods,jokowi inaugurates
civilian graduates,qualified candidates,hurricanes
wooden steps,ongoing landslides,mendocino county
browser,nevada,blizzard
tumur ulaanbaatar,severe weather,heavy snowfall
ishikawa prefecture,evacuation centers,tsunami
firm,calgary,city planners
pillar,disaster mitigation,disaster
natural disasters,disasters,forest fires
swells,disaster preparedness,flooding forecasting
images,stunning images,disaster
level,pdp,voters
bad weather,hurricanes,lizbeth hernandez
robot,natural disasters,disasters
hurricane maria,hurricane flooding,hurricane harvey
disaster,inclement weather,erosion
disasters,daughters,jesse james
march,counties,weather
eclipse,state troopers,staggered times
worry,dengue fever,eyjafjallajokull
quigley,cache,balboa baptist
evacuation orders,extreme weather,extreme heat
temperatures,arunachal pradesh,uttarakhand
browser,cookies,robot
disaster,dangerous weather,disaster survivors
emergency personnel,temperatures,freezing rain
afternoon,wildfires,wenatchee
wastewater,affected barangays,ang nangayo
unprecedented responses,flooding victims,unprecedented times
disaster,landslides,disasters
food,wfp,earthquake
nur imansyah,tegar nurfitraeditor,whirlwind
emergency,medicaid services,disruptive events
weather,friday,snowfall
wastes,tsunami,hurricane katrina
funeral,wildfires,dry weather
disaster,disaster calfresh,qualified applicants
diseases,acute malnutrition,catastrophe
surprise,earthquake,disaster
storm,night,friday
natural disasters,disasters,repeat floods
extreme flooding,hurricanes,bankruptcy
tornados,disaster,past tornados
devastation,wildfires,historic wildfires
indian waters,visakhapatnam,rajesh pendharkar
issue,25 march,error
difficulty
western canada,temperatures,reduced snowpack
state,damage,rainstorms
nec xon,eutelsat oneweb,stamp
aftershocks,miyamoto international,underwent inspection
disasters,yamanaka shinsuke,tsunami
governor newsom,deployment,wildfire
downtown,js,february
thousands,eminent,emergency
natural grocers,emergency shelter,raquel isely
rescue,heavy rainfall,circumstances
android notifications,natural disasters,disasters
concreting australia,canberra,unprecedented rain
meteorologist,tropical cyclones,extreme heat
natural disasters,disasters,forest fires
hurricanes,extreme weather,hurricane preparation
beginning,earthquake,earthquakes
neighborhoods,natural disasters,disasters
estimates,earthquakes,underperforms
stretch,new snowfall,freezing rain
solar flashlights,areas,hurricanes
fukushima,fukushima prefecture,seishun gogetsudo
fellows,chongqing,academia
torrential rains,soaking floods,floodwaters
dead bodies,aftershocks,crashed aircraft
tropical storms,disease,el niños
companies,certain parts,weather
disasters,disaster recovery,nsw minister
senator,natural disasters,disasters
rough waves,okayama prefecture,heavy rains
council money,natural disasters,disasters
fiji roads,heavy rainfall,flooded roadways
pairs,conflict,glastonbury tickets
engineers,patience,scratch
weather,emergency,severe weather
floods,landslides,flash floods
beach,evacuation centers,tsunami
northeastern japan,ishikawa prefecture,tsunami
disasters,disaster events,pine beetles
himachal pradesh,affected houseless,widows
doomsday,wet wipes,severe weather
doomsday,disease,catastrophe
wastewater,emergency responders,ron wyden
ashraful alam,erosion,catastrophe
federal prosecutors,natural catastrophes,disaster movies
catastrophe,moses ojeisekhoba,bigger floods
demonstrators,heavy rain,rescue teams
disaster reports,disasters,flash floods
rebuild,disaster,councillors
makati,natural disasters,disasters
disaster,natural disasters,disasters
te waipounamu,mātauranga,mātauranga māori
zheng chen,frigid weather,extreme weather
crawfish harvesters,new orleans,hurricane ida
bad weather,heavy downpours,torrential rains
engineers,north america,patience
extreme weather,heavy snow,blizzard conditions
natural disaster,calgary police,afternoon
karachi police,disaster preparedness,earthquake tremors
ca,vehicles,jim costa
sanibel island,hurricane ian,extreme weather
significant numbers,quarter,numbers
extreme weather,weather forecasters,blizzard conditions
jokowi,hydrometeorological disasters,jokowi inaugurates
sagami bay,doomsday prepper,hurricanes
lake chelan,trees,hazardous trees
disasters,puerto rico,emergency shelters
beach,surprising holidaymakers,stunned holidaymakers
danger,winter
ceasefire,refugees international,benjamin netanyahu
haukāinga,wāhi tapu,tsunami
cleansing,gentle parenting,karnataka govt
blizzard conditions,strongest winds,extreme snowfall
dwyfor meirionnydd,aspects,blaenau ffestiniog
boiled crawfish,sustained drought,extreme heat
beef cattle,aaron hrozencik,beef
emergency responders,devastating destruction,disease
gates,vinesh kumar,rajesh chaudhary
benjamin keys,skyrocketing rates,extreme weather
extreme weather,hurricane maria,sustained rain
olaf scholz,torrential rain,heavy rain
encounter,snowmobiler,avalanche
cases,water,disasters
catastrophe,hurricane otis,hurricane protection
fruits,minutes,beach
affected businesses,little snowfall,low snow
rescue,natural disasters,disasters
disasters,hurricane,disaster preparedness
machines,natural catastrophes,circumstances
natural disasters,disasters,heavy rain
disasters,forest fires,preventing
natural disasters,disasters,182 days
crash,emergency personnel,motorcyclist
jos prison,heavy rainfalls,devastating floods
little children,kindergartners,kindergarten
flash flood,thunderstorms,heavy rains
economic damage,natural disasters,disasters
ransom,mogadishu,hong kong
malformed data,increase,online attacks
disasters,wildfires,emergency responders
wildfires,floodplains,increasing wildfires
boiled crawfish,sustained drought,extreme heat
chief minister,theog hospital,widows
cache,alicia rule,joe timmons
extreme rainfall,extreme heat,hurricane sandy
stretch,flood waters,torrential rains
sunday,church,mike bastin
natural disasters,federal minister,disasters
ordinary earthquakes,disaster preparedness,tsunami
declaration,release,disaster
fires,multiple fires,wildfire
heavy snow,blizzard conditions,record snowfall
champion,wrestling,luchador
js,natural disasters,disasters
23 march,march,error
mod_security,molehills,error
nutritious meals,disaster,flood victims
aftermath,flood,september
sunday morning,stretch,andy bollenbacher
midday newscasts,temperatures,heavy rains
catastrophe,tropical cyclones,bigger floods
beorn hulme,minimise,minimise delays
batch,natural disasters,disasters
brigades,paramedics,firefighters
natural disasters,disasters,tsunami
gates,hurricane,bethlehem township
disasters,temperatures,firefighting helicopters
homeland security,weather,severe weather
cache,weeks,recovery
formal reviews,image,reviews
climate,change,climate change
natural disasters,disasters,dissemination
temperatures,arunachal pradesh,uttarakhand
emergency,british nationals,minutes
refugees,bishops,ecclesiastical property
paraguay,swimming,aspects
multiple counties,emergency,tornadoes
severe storms,swiss,tropical cyclones
mistakes,temperatures,aspects
natural disasters,disasters,175 school
steven sutherland,gusty winds,dangerous blizzard
service animals,temperatures,cold temperatures
hurricanes,catastrophe,extreme weather
rescuers,disaster,mountain rescuers
wildfires,taller trees,fallen trees
small businesses,businesses
heavy rainfall,strong winds,thunderstorms
ocean shores,tsunami,ensuing tsunami
wildfires,juan rodriguez,gusty winds
gutters,wastewater,extreme storms
disaster,natural disasters,disasters
date,tornado,tornadoes
kudus district,raka adjieditor,floods
morning,temperatures,extreme cold
severe weather,severe thunderstorms,widespread snowfall
early recovery,natural disasters,disasters
friday,improved livelihoods,disaster
preparedness,disasters,inevitable disasters
disaster,natural disasters,disasters
disease,warmer weather,unweaned kittens
disaster,disasters,disaster survivors
surges,robot,disaster
damage,guidelines,kota
disaster,macquarie island,plužine
emmanuel ahimbisibwe,disaster preparedness,certain disasters
disaster strikes,bleach,bleaches
nees kathimerines,overflowing streams,heavy rainfall
